模块,题型,题目,答案,解析,我的笔记
发酵工程,单选,"根据文件 2.1 分类，目前工业上应用最广泛、最常用的发酵方式是？
A. 固体发酵
B. 液体深层发酵
C. 浅盘发酵
D. 敞口发酵",B,在文件 2.1 的 equipment（设备）分类下，明确标注了“液体深层发酵 - 最常用”。,
发酵工程,单选,"在 2.2 常用微生物中，下列哪种细菌主要用于生产“肌苷酸”？
A. 棒状杆菌
B. 短杆菌
C. 醋酸杆菌
D. 枯草芽孢杆菌",B,依据文件 2.2 列表：棒状杆菌对应氨基酸，而短杆菌明确对应肌苷酸。,枯草芽孢杆菌可以用来生产淀粉酶
发酵工程,单选,"链霉菌属（Streptomyces）在发酵工业中主要用于生产哪类产品？
A. 酒精
B. 抗生素
C. 淀粉酶
D. 乳酸",B,文件 2.2 明确指出，放线菌（包括链霉菌属、诺卡氏菌属）的作用是“生产抗生素”。,
发酵工程,单选,"专门用于“孢子发芽（spore germination）”和“菌体生长繁殖”的培养基是？
A. 孢子培养基
B. 种子培养基
C. 发酵培养基
D. 基础培养基",B,按照 2.3 培养基用途分类：孢子培养基用于制备孢子；种子培养基用于孢子发芽和菌体生长繁殖。,
发酵工程,单选,"下列关于发酵培养基主要任务的描述，不包括哪一项？
A. 供菌体生长繁殖
B. 合成大量代谢产物
C. 专门用于长期保藏菌种
D. 提供产物合成所需的营养",C,根据文件 2.3，发酵培养基的任务是“菌体生长繁殖和合成大量代谢产物”，不涉及菌种保藏功能。,
发酵工程,判断,判断题：生长因子（Growth factors）是指菌体自身可以大量合成的、生命活动必需的有机物。,错误,依据文件 2.3 对生长因子的定义，它们是细胞“自身不能合成”的微量有机化合物，包括维生素、氨基酸、嘌呤等。,营养组成这里！记得诱导物 前体 促进剂也是哦！
发酵工程,单选,"在分批发酵（Batch fermentation）的完整周期中，除了发酵过程本身，还必须包括哪些环节？
A. 空罐灭菌、培养基灭菌接种、放罐和洗罐
B. 连续补料、恒定排料、灭菌及洗罐
C. 空气进入、尾气排出、营养物定时定量加入
D. 菌种诱变、代谢产物连续分离、空罐洗涤
●","A
●",分批发酵是一个非连续的过程。其完整的“发酵周期”定义为：空罐灭菌、加入灭过菌的培养基接种、发酵过程、放罐和洗罐所需时间的总和。,
发酵工程,单选,"连续发酵（Continuous fermentation）中，维持“稳定状态”的关键操作是什么？
A. 使加入新鲜培养基的速度与流出发酵液的速度相同
B. 每隔固定时间进行一次大规模放罐和灭菌
C. 仅控制空气进入速度，不限制液体流速
D. 通过机械搅拌器强行将微生物维持在指数生长期
●","A
●",连续发酵是以一定的速度向发酵罐内添加新鲜培养基，同时以相同的速度流出培养液，从而使发酵罐内的液量维持恒定，使微生物在稳定状态下生长。,
发酵工程,单选,"关于连续发酵的缺点，下列哪项描述是针对其“开放系统”特性的直接后果？
A. 系统运行周期长，极易发生杂菌污染
B. 生产效率低，产率不稳定
C. 不适合黏性丝状菌发酵
D. 设备检测仪表容易损坏
●","A
●",连续发酵属于开放系统，由于其连续发酵周期长，因此容易产生杂菌。,
发酵工程,单选,"补料分批发酵（Fed-batch fermentation）被认为是最有发展前景的技术，主要是因为它：
A. 兼具分批发酵和连续发酵优点，并克服了两者部分缺点
B. 操作比分批发酵简单，无需任何检测仪表
C. 完全不需要空气进入和尾气排出
D. 能够彻底消除微生物的变异现象
●","A
●",补料分批发酵介于分批发酵和连续发酵之间，在一定程度克服了两者的缺点，是目前最有发展前景的技术。,
发酵工程,单选,"温度对发酵过程的“间接影响”主要通过改变什么来实现？
A. 发酵液的黏度、氧的溶解度和传递速率
B. 酶反应的直接催化速率
C. 微生物细胞膜的电荷状态
D. 菌体代谢产物的合成方向
●","A
●",温度会间接影响发酵液的理化性质，进而影响发酵液的黏度、基质和氧在液中的溶解度及传递速率等。,
发酵工程,单选,"在发酵过程中，通常需要进行“降温操作”的原因是：
A. 发酵过程本身会产生热量
B. 低温能增加某些基质的分解速率
C. 为了降低氧在发酵液中的溶解度
D. 为了诱导微生物进入衰亡期
●","A
●",发酵过程会产热，因此在工艺控制中一般需要进行降温操作以维持恒温。,
发酵工程,单选,"pH值如何通过改变“细胞膜”来影响微生物的吸收和排泄？
A. 通过影响膜所带电荷的状态，改变通透性
B. 通过物理性地溶解细胞膜上的蛋白质
C. 通过增加发酵液的黏度来阻塞膜孔径
D. 通过改变培养基中中间代谢产物的解离度
●","A
●",pH值会影响微生物细胞膜所带电荷的状态，从而改变细胞膜的通透性，影响对营养物质的吸收及代谢产物的排泄。,
发酵工程,单选,"若你在培养一种“放线菌”，应将发酵液的pH控制在什么范围最合适？
A. 7.0 ~ 8.0
B. 3.0 ~ 6.0
C. 5.0 ~ 5.5
D. 9.0 ~ 11.0
●","A
●",根据不同微生物对pH的需求，大部分细菌为中性（~7），霉菌和酵母为酸性（3~6），而放线菌偏碱性（7~8）。,
发酵工程,单选,"在好氧性微生物发酵中，若“溶解氧不足”，会导致什么直接后果？
A. 代谢异常，产量降低
B. 发酵液黏度瞬间消失
C. 微生物立即进入延滞期
D. 空气进入量自动增加
●","A
●",好氧微生物需要溶解氧维持呼吸代谢，氧的不足会造成代谢异常，导致产量降低。,
发酵工程,单选,"机械搅拌式发酵罐（Mechanical agitation fermenters）的主要功能是：
A. 通过机械作用促进空气与液体混合，确保溶解氧供给
B. 通过搅拌产生的热量维持恒温，无需降温
C. 利用搅拌器的旋转代替所有控制仪表
D. 主要用于排除罐内的氧气以生产酒精
●","A
●",机械搅拌式发酵罐利用机械搅拌器的作用使空气和发酵液充分混合，促进氧溶解，以保证微生物生长代谢所需的溶解氧。,
发酵工程,单选,"通风搅拌式发酵罐（Airlift fermenters）与机械搅拌式最大的不同点在于：
A. 利用通入的空气同时完成供氧和液体混合任务
B. 它不需要任何空气进入
C. 它只能用于厌氧发酵
D. 它没有严密的结构，属于完全开放系统
●","A
●",通风搅拌式发酵罐利用通入的空气代替搅拌器使发酵液均匀混合，同时也起到供氧作用。,
发酵工程,单选,"在厌氧发酵（Static cultivation）中，设备最主要的核心特色是：
A. 排除发酵罐中的氧
B. 安装最高功率的机械搅拌器
C. 必须使用复膜氧电极实时监测高浓度氧
D. 维持极高的空气通入量
●","A
●",厌氧发酵无需供氧，其设备主要特色在于排除发酵罐中的氧。,
发酵工程,单选,"以下哪种产品通常不需要使用好氧发酵设备进行生产？
A. 乳酸
B. 需要高溶氧的霉菌代谢物
C. 需要机械搅拌促进氧溶解的抗生素
D. 利用空气混合液体的生物制品
●","A
●",酒精、丙酮、丁醇、乳酸和啤酒等产品属于厌氧发酵/静止培养的范畴。,
发酵工程,单选,"在分批发酵的生长曲线中，哪一阶段之后微生物的生长速率开始受限并最终停止？
A. 减速期（Deceleration phase）
B. 延滞期（Lag phase）
C. 指数生长期（Exponential growth phase）
D. 加速生长期（Accelerated growth phase）
●","A
●",在生长曲线中，减速期之后微生物进入稳定期，生长速率降至最低并趋于恒定。,
发酵工程,单选,"发酵设备中“严密的结构”主要是为了：
A. 保证密封性能，防止杂菌污染和物料泄漏
B. 增加发酵液的黏度
C. 让操作人员无法观察内部情况
D. 减少对复膜氧电极的依赖
●","A
●",严密的结构（Excellent sealing performance）是良好设计发酵装置的核心要求之一。,
发酵工程,单选,"pH值影响酶活性外，还会通过哪种方式改变代谢产物的“质量和比例”？
A. 引起菌体代谢过程的不同
B. 增加机械搅拌的摩擦力
C. 缩短发酵罐的洗罐时间
D. 强行中止延滞期
●","A
●",pH值会引起菌体代谢过程的不同，从而使代谢产物的质量和比例发生改变。,
发酵工程,单选,"连续发酵中，如果微生物发生“变异”，最主要的原因可能是：
A. 由于发酵周期极长，在稳定生长中累积了遗传变化
B. 因为使用了复膜氧电极
C. 因为发酵液黏度太低
D. 因为机械搅拌速度太慢
●","A
●",连续发酵周期较长，长期在恒定环境下生长使得微生物可能发生变异。,
发酵工程,单选,"在分批发酵中，“发酵周期”的定义是：
A. 空罐灭菌到洗罐完成所有步骤所需时间的总和
B. 仅指微生物处于指数生长期的那段时间
C. 新鲜培养基加入到放罐的时间
D. 两次连续发酵之间的时间间隔
●","A
●",文本明确规定发酵周期为：空罐灭菌、加入灭过菌的培养基接种、发酵过程、放罐和洗罐所需时间的总和。,
发酵工程,单选,"下列哪种微生物对pH的偏好在提供的文本中没有明确分类为偏中性或偏碱性？
A. 酵母
B. 大部分细菌
C. 放线菌
D. 丝状菌
●","A
●",根据资料，大部分细菌为中性，放线菌偏碱性，而酵母被归类为偏酸性（3~6）。,
发酵工程,单选,"在溶解氧监测中，常用的检测工具是：
A. 复膜氧电极
B. 机械搅拌器
C. pH计
D. 压力表
●","A
●",溶解氧浓度的检测通常使用复膜氧电极。,
发酵工程,大题,"判断题：分批发酵过程中，除了空气和尾气，不应与外界有任何物料交换。
●","正确
●",分批发酵定义为中间除了空气进入和尾气排出，与外部没有物料交换。,
发酵工程,大题,"判断题：连续发酵由于不需要频繁灭菌，因此对设备仪器的技术要求反而比分批发酵低。
●","错误
●",连续发酵虽然灭菌次数少，但由于需要长时间稳定运行，对设备仪器的技术要求很高。,
发酵工程,大题,"判断题：pH值不仅影响微生物的生长，还可能影响某些霉菌的形态。
●","正确
●",文本明确指出pH会影响某些霉菌的形态。,
发酵工程,大题,"判断题：通风搅拌式发酵罐主要依靠机械叶轮来剪碎气泡并混合液体。
●","错误
●",通风搅拌式发酵罐利用通入的空气代替搅拌器使发酵液均匀混合，而不使用机械叶轮。,
发酵工程,大题,"判断题：所有生物产品发酵都需要在好氧条件下进行深层培养。
●","错误
●",酒精、乳酸、啤酒等属于厌氧发酵，无需供氧且设备相对简单。,
发酵工程,多选,"多选题：下列属于分批发酵（Batch fermentation）全过程步骤的有：
A. 空罐灭菌
B. 加入灭过菌的培养基接种
C. 发酵过程
D. 放罐和洗罐
","ABCD
●",一个完整的发酵周期包含空罐灭菌、接种、发酵过程、放罐和洗罐。,
发酵工程,多选,"多选题：连续发酵（Continuous fermentation）具有哪些显著优点？
A. 产率和产品质量稳定
B. 能有效实现机械化和自动化
C. 生产效率高
D. 灭菌次数少，仪器探头寿命延长
","ABCD
●",资料中列出的优点包括产率质量稳定、机械化自动化、生产效率高、灭菌次数少及探头寿命延长等。,
发酵工程,多选,"多选题：pH值对微生物生长的影响包括：
A. 影响酶的活性
B. 改变细胞膜的通透性
C. 影响微生物对营养物质的利用
D. 引起菌体代谢过程的不同使产物比例改变
","ABCD
●",文本列举了pH对酶活性、细胞膜通透性、物质利用及代谢产物比例等五个方面的影响。,
发酵工程,多选,"多选题：一个设计良好的发酵装置应当具备：
A. 严密的结构
B. 良好的液体混合性能
C. 较高的传质和传热速率
D. 配套可靠的检测及控制仪表
","ABCD
●",良好设计的发酵装置需具备严密结构、混合性能好、传质传热速率高及可靠的检测仪表。,
发酵工程,多选,"多选题：下列产品中，适合使用厌氧发酵设备生产的有：
A. 酒精
B. 丙酮
C. 丁醇
D. 乳酸
","ABCD
●",资料列举的厌氧发酵典型例子包括酒精、丙酮、丁醇、乳酸和啤酒。,
发酵工程,单选,"在下游加工过程中，若要分离悬浮在发酵液中的固体物质与液体，且不涉及离心力，最常用的技术是：
A. 过滤 (Filtration)
B. 离心 (Centrifugation)
C. 沉淀 (Precipitation)
D. 超滤 (Ultrafiltration)
","A
●",过滤的定义是分离悬浮在发酵液中的固体物质与液体；离心需借助离心力，沉淀用于分离离子，超滤用于大分子分离。,
发酵工程,单选,"某种破壁技术通过突然改变环境条件，使水分迅速渗入细胞引起膨胀破裂，该技术属于：
A. 渗透压破壁
B. 超声破壁
C. 化学渗透法
D. 酶法破壁
","A
●",渗透压破壁利用压力突然变化使水分渗入导致细胞膨胀破裂。超声靠振动，化学法靠试剂改变通透性，酶法靠溶解细胞壁。,
发酵工程,单选,"在酶法破壁中，用于处理菌体细胞以溶解细胞壁的酶不包括下列哪项？
A. 蛋白酶 (Protease)
B. 溶菌酶
C. 脂酶
D. 蜗牛酶
","A
●",文本列出的酶包括溶菌酶、纤维素酶、蜗牛酶、半纤维素酶、脂酶，未提及蛋白酶。,
发酵工程,单选,"关于亲和层析法 (Affinity chromatography) 的原理，下列描述正确的是：
A. 蛋白质与固相载体上的配体特异性且非共价结合
B. 利用大小不同使蛋白质通过薄膜达到分离
C. 利用蛋白质在等电点时溶解度最小的性质
D. 利用配体与蛋白质之间的共价键牢固锁死
","A
●",亲和层析基于蛋白质与配体特异而非共价的结合，且该结合在一定条件下是可逆的。,
发酵工程,单选,"超滤法 (Ultrafiltration) 在操作时，溶液通过膜的动力主要来自：
A. 氮气压或真空泵压
B. 离心力
C. 高频交变电场
D. 渗透压梯度
","A
●",文本明确指出超滤是使液体在一定压力下（氮气压或真空泵压）通过膜，溶剂和小分子透过，大分子受阻。,
发酵工程,单选,"微波干燥之所以能实现“内部加热”，是因为水分子发生了什么变化？
A. 极化并随交变电场旋转，产生剧烈碰撞和摩擦
B. 在真空状态下降低了沸点
C. 发生了渗透压膨胀而破裂
D. 在低温下直接升华
","A
●",微波干燥中，水分子发生极化并随高频交变电场旋转，碰撞和摩擦产生的热量使物料得到干燥，属于内部加热。,
发酵工程,单选,"固体发酵 (Solid-state fermentation) 的主要缺点不包括下列哪项？
A. 所需设备过于复杂
B. 劳动强度大
C. 微生物生长慢
D. 不便于机械化操作
","A
●",固体发酵的特点是所需设备简单、操作容易，但劳动强度大且不便于机械化，生长也较慢。,
发酵工程,单选,"青霉素 V (Penicillin V) 在临床应用中属于哪一类半合成青霉素？
A. 耐酸青霉素
B. 耐酶青霉素
C. 广谱青霉素
D. 抗绿脓杆菌广谱青霉素
","A
●",文本明确将青霉素V归类为耐酸青霉素。,
发酵工程,单选,"在青霉素生产培养基中，控制无机盐含量时需要特别注意降低哪种离子的含量？
A. 铁离子 (Fe)
B. 钙离子 (Ca)
C. 镁离子 (Mg)
D. 钾离子 (K)
","A
●",文本要求无机盐中需控制铁含量小于 30 ug/mL。,
发酵工程,单选,"青霉素提炼过程中，利用其在酸性条件下溶于乙酸丁酯的特性，采用的技术是：
A. 溶媒萃取法 (Solvent extraction)
B. 等电点法
C. 离子交换法
D. 共沸结晶法
","A
●",提炼环节利用青霉素在酸性条件下溶于乙酸丁酯的特性，采用溶媒萃取法。,
发酵工程,单选,"在谷氨酸发酵中，国内多采用的提取方法组合是：
A. 等电点-离子交换法
B. 等电点-共沸结晶法
C. 金属盐沉淀-溶媒萃取法
D. 盐酸盐-电渗析法
","A
●",谷氨酸提取方法多样，但国内多采用“等电点-离子交换法”，谷氨酸等电点为3.2。,
发酵工程,单选,"所谓“营养缺陷型菌株”是指：
A. 丧失合成某些代谢物能力，需在基本培养基中额外添加营养才能生长的菌株
B. 由于自然选育，能够在极端贫瘠环境下生长的菌株
C. 丧失分解蛋白质能力的菌株
D. 未经任何诱变剂处理的变异菌株
","A
●",营养缺陷型是指由于基因突变丧失合成某些代谢物（如氨基酸、核酸碱基等）的能力，在基本培养基中不加该成分就不能生长的菌株。,
发酵工程,单选,"青霉素发酵过程中添加“苯乙酸”的作用是：
A. 作为合成产物的前体 (Precursor)
B. 作为主要的碳源
C. 作为细胞破壁的化学试剂
D. 调节培养基的 pH 值
","A
●",文本指出青霉素发酵培养基中，苯乙酸或苯乙酰胺作为前体使用。,
发酵工程,单选,"在青霉素发酵后处理的结晶步骤中，丁醇共沸结晶法的主要优势是：
A. 丁醇能带走水分，使结晶不需要很高的温度
B. 丁醇能作为前体提高产量
C. 丁醇可以溶解活性炭
D. 丁醇能杀死残余的杂菌
","A
●",丁醇共沸结晶法中，丁醇可以把水带出来，不需要很高的温度就能完成水分蒸发。,
发酵工程,单选,"在维生素 C 的莱氏法中，后来改用微生物脱氢代替化学合成，其主要优势是：
A. 使山梨糖的得率提高一倍
B. 可以直接产生古龙酸，跳过第一步
C. 无需任何培养基调控
D. 使反应在完全无氧环境下进行
","A
●",微生物脱氢代替化学合成中L-山梨糖中间产物的生成，使山梨糖的得率提高一倍。,
发酵工程,单选,"下列哪种技术属于物理场介导的细胞破壁？
A. 超声破壁
B. 化学渗透法
C. 酶法破壁
D. 等电点沉淀法
","A
●",超声破壁利用超声物理场，具有空化效应、高频振动等作用，属于物理破壁。,
发酵工程,单选,"阿莫西林 (Amoxicillin) 在分类上属于：
A. 广谱青霉素
B. 耐酸青霉素
C. 抗绿脓杆菌青霉素
D. 第一代天然青霉素
","A
●",文本将羟氨苄青霉素（阿莫西林）归类为广谱青霉素。,
发酵工程,判断,"判断题：在酶法破壁中，破坏细胞壁后通常还需要利用渗透压冲击来进一步破坏细胞膜。
","正确
●",酶法破壁利用酶处理菌体使细胞壁受损后，再利用渗透压冲击等破坏细胞膜，进一步增大产物通透性。,
发酵工程,判断,"判断题：微波干燥是一种外部加热方法，通过传导将热量传递到物料中心。
","错误
●",微波干燥是一种内部加热的方法。水分子随高频电场旋转碰撞产生热量，表现为物料整体升温。,
发酵工程,判断,"判断题：固体发酵相比液体发酵，微生物品种更多、生长更快，产品种类更丰富。
","错误
●",固体发酵的缺点是微生物品种少、生长慢，且产物有限。,
发酵工程,判断,"判断题：在青霉素发酵中，利用活性炭脱色主要是为了去除发酵液中的杂菌。
","错误
●",活性炭的作用是“脱色”（decolorization），用于提高产品纯度，过滤步骤（如真空转鼓过滤）才用于去除菌体。,
发酵工程,判断,"判断题：营养缺陷型菌株在基本培养基中无法生长。
","正确
●",营养缺陷型由于缺乏合成某种必要营养物质的能力，在不额外添加该成分的基本培养基中无法正常生长。,
发酵工程,多选,"多选题：下列蛋白质纯化技术中，属于沉淀法的有：
A. 蛋白质的盐析
B. 等电点沉淀法
C. 低温有机溶剂沉淀法
D. 超滤法
","ABC
●",文本明确列举沉淀法包含：盐析、等电点沉淀法、低温有机溶剂沉淀法。超滤法属于膜过滤技术。,
发酵工程,多选,"多选题：下列属于真空干燥设备类型的有：
A. 双锥真空干燥器
B. 箱式真空干燥器
C. 隧道式微波干燥器
D. 真空带式干燥器
","ABD
●",真空干燥器类型包括箱式、双锥、带式以及冰冻干燥。隧道式属于微波干燥设备。,
发酵工程,多选,"多选题：在青霉素的高产菌株筛选流程中，包含哪些关键步骤？
A. 原生质体制备
B. 高能电子诱变
C. 理性化筛选
D. 摇瓶筛选
","ABCD
●",文本给出的筛选流程为：原生质体制备→高能电子诱变→理性化筛选→摇瓶筛选。,
发酵工程,多选,"多选题：下列细菌中，可用于谷氨酸发酵的菌属有：
A. 棒状杆菌属
B. 短杆菌属
C. 小杆菌属
D. 节杆菌属
","ABCD
●",谷氨酸发酵菌种包括棒状杆菌属、短杆菌属、小杆菌属及节杆菌属的细菌。,
发酵工程,多选,"多选题：关于“两步法”生产维生素 C 的描述，正确的是：
A. 是我国采用的工艺方案
B. 第一步利用生黑葡萄糖酸杆菌等进行发酵
C. 第二步利用氧化葡萄糖酸杆菌等转化为古龙酸
D. 最终产物是直接通过发酵产生的，无需化学转化
","ABC
●",两步法是我国工艺。第一步和第二步均涉及微生物转化，但最后仍需经“化学转化”产生维生素C。,
发酵工程,单选,"根据发酵的“狭义”定义，其能量产生过程的核心本质是：
A. 以有机物作为电子受体的氧化还原反应
B. 在有氧条件下分解有机物
C. 利用生物细胞净化环境
D. 通过DNA重组获得有益产品
","A
",狭义定义明确指出，发酵是以有机物作为电子受体的氧化还原产能反应。,
发酵工程,单选,"标志着发酵工程正式进入“现代生物学阶段”的关键技术应用是：
A. 显微镜的发明与微生物形态观察
B. DNA重组技术与淋巴细胞杂交瘤技术
C. 酒精、丙酮等厌氧发酵的大规模工业化
D. 人工神经网络在发酵控制中的应用
","B
",文本指出，DNA重组技术和淋巴细胞杂交瘤技术的发明及其应用，标志着发酵工程进入现代生物学阶段。,
发酵工程,单选,"关于次级代谢产物 (Secondary metabolite) 的特征，下列描述准确的是：
A. 通常在菌体生长静止期合成，与生长繁殖无明显关系
B. 是菌体生长繁殖所必需的物质
C. 主要产生于菌体的对数生长期
D. 包括氨基酸、蛋白质和核酸等基础物质
","A
",次级代谢产物产生于菌体生长静止期，与生长繁殖无明显关系；而初级代谢产物才是生长繁殖所必需的。,
发酵工程,单选,"在发酵工业分类中，生产“淀粉酶”或“糖化酶”的过程属于：
A. 微生物代谢产物发酵
B. 微生物转化发酵
C. 微生物酶发酵
D. 生物工程细胞发酵
","C
",文本明确将获得酶（如淀粉酶、糖化酶）为目的的发酵归类为“微生物酶发酵”。,
发酵工程,单选,"发酵工程在环境保护中的应用，除了生物肥料和杀虫剂外，还包括：
A. 降解有毒物质与处理石油污染
B. 黄金开采和铀的浸提
C. 生产可降解的生物塑料
D. 生物固氮和微生物饲料
","A
",根据文本，环境保护领域的应用包括：生物肥料、杀虫剂、降解有毒物质、净化废水废气及处理石油污染。,
发酵工程,单选,"在培养基组成优化技术中，通常用于确定“关键影响因素”的初步方法是：
A. 响应面分析法
B. 单因素试验方法
C. 遗传算法
D. 代谢通量分析
","B
",文本指出，利用单因素试验方法可以确定培养基组分中对发酵水平影响最大的关键因素。,
发酵工程,单选,"“分阶段培养技术”的核心逻辑是根据动力学参数的变化特性来：
A. 提出分阶段的溶解氧、温度或pH控制策略
B. 完全消除发酵过程中的杂菌污染
C. 寻找菌体得率与代谢产物收率的线性比例
D. 将真核系统转化为原核系统进行发酵
","A
",分阶段培养技术是通过分析不同阶段的动力学参数，提出分阶段的溶解氧、转速、温度及pH控制策略，以适配生长或合成需求。,
发酵工程,单选,"利用模拟达尔文生物进化论的机理，寻找优化问题最优解的数理方法是：
A. 人工神经网络
B. 遗传算法 (Genetic Algorithm)
C. 回归试验设计
D. 极差分析法
","B
",遗传算法是模拟达尔文生物进化论的自然选择和遗传学机理的计算模型。,
发酵工程,单选,"在生物工程细胞发酵中，利用工程细胞获得产物（如胰岛素）与传统微生物发酵的主要区别在于：
A. 通常使用的是真核系统
B. 不需要控制发酵环境条件
C. 产物只能是次级代谢产物
D. 不涉及氧化还原产能反应
","A
",文本在生物工程细胞发酵部分特别标注了其与微生物的区别在于使用的是“真核系统”。,
发酵工程,单选,"发酵工程的特点之一是“简”，这主要体现在：
A. 原料可以利用农副产品、工业废水等可再生资源
B. 设备结构非常简单，不需要任何仪表
C. 微生物生长繁殖过程简单，无需干预
D. 仅在常温常压下进行，不需要消耗任何能量
","A
",“简”指的是原料通常以碳水化合物为主，可以是农副产品、工业废水或可再生资源。,
发酵工程,单选,"次级代谢产物（如抗生素、生物碱）通常与菌体的生长繁殖：
A. 呈正相关，生长越快产量越高
B. 无明显关系
C. 呈负相关，生长停止则产物分解
D. 是菌体进入对数生长期所必需的前提
","B
",文本明确描述，次级代谢产物与菌体生长繁殖无明显关系。,
发酵工程,单选,"下列产物中，属于“微生物转化发酵”典型代表的是：
A. 醋酸发酵
B. 单克隆抗体生产
C. 微生物菌体蛋白
D. 紫杉醇
","A
",转化发酵以化合物转化为目的，典型例子包括脱氢、氧化反应，如醋酸发酵。,
发酵工程,单选,"生物反应系统优化技术的基本思想是：
A. 从优化系统内部要素功能、相互关系及与环境联系入手
B. 通过极差分析确定唯一的碳源种类
C. 利用回归方程完全取代实验室小试
D. 仅关注产物生成的动力学，忽略菌体生长
","A
",该技术将生物反应视为系统，优化内部各要素功能、相互关系及系统与环境的联系，使状态达到最优。,
发酵工程,单选,"在发酵工程的“活”这一特点中，其核心在于：
A. 以生命体的自动调节方式进行
B. 菌体在发酵过程中必须保持100%存活
C. 原料必须是鲜活的生物质
D. 设备必须具备动态移动的功能
","A
",“活”是指发酵过程以生命体的自动调节方式进行。,
发酵工程,单选,"在代谢产物收率（Y p/s）的定义中，分母 ΔS 代表的是：
A. 底物的消耗量
B. 生成的代谢产物量
C. 单位时间内的生长速率
D. 培养基的起始浓度
","A
",代谢产物收率定义为生成的代谢产物量 ΔP 对底物的消耗量 ΔS 之比。,
发酵工程,单选,"人工神经网络这种计算模型的特点是：
A. 并行分布式信息处理结构
B. 模拟达尔文的随机变异过程
C. 建立显性的多项式回归曲线
D. 仅能处理线性关系的简单数据
","A
",人工神经网络是由神经元连接构成的复杂网络，是一种并行分布式信息处理结构。,
发酵工程,判断,"判断题：广义的发酵概念仅包括酒精、乳酸等厌氧培养的生产过程。
","错误
",广义概念还包括通气（有氧）培养的过程，如抗生素、氨基酸、酶制剂的生产。,
发酵工程,判断,"判断题：初级代谢产物是菌体生长繁殖所必需的物质。
","正确
",文本指出，初级代谢产物如氨基酸、核苷酸等，是菌体生长繁殖所必需的。,
发酵工程,判断,"判断题：正交试验设计的结果分析仅包括方差分析，不能进行极差分析。
","错误
",正交试验设计结果分析包括极差分析和方差分析。,
发酵工程,判断,"判断题：发酵工程在冶金工业中可用于黄金开采和金属浸提。
","正确
",文本明确列举了冶金工业应用：黄金开采和铜、铀等金属的浸提。,
发酵工程,判断,"判断题：菌体得率 Yx/s 表示生成单位干菌体所需要的底物消耗量。
","错误
",菌体得率是消耗单位基质量 ΔS 与生成的干菌体 ΔX 之间的比值，即单位底物能产出多少菌体。,
发酵工程,多选,"多选题：下列产物中，属于微生物初级代谢产物 (Primary metabolite) 的有：
A. 氨基酸
B. 核苷酸
C. 抗生素
D. 核酸
","ABD
",初级代谢产物包括氨基酸、核苷酸、蛋白质、核酸、糖类等；抗生素属于次级代谢产物。,
发酵工程,多选,"多选题：发酵环境条件的优化技术通常需要研究哪些因素对产物的影响？
A. 温度和 pH 值
B. 搅拌（剪切）速率
C. 供氧情况
D. DNA重组的精确位点
","ABC
",环境条件优化包括研究温度、pH值、搅拌速率和供氧对细胞生长和代谢分布的影响。,
发酵工程,多选,"多选题：发酵工程在农业中的应用主要包括：
A. 生物固氮
B. 生物杀虫剂
C. 微生物饲料
D. 重组蛋白疫苗
","ABC
",文本列出的农业应用包括生物固氮、生物杀虫剂、微生物饲料。疫苗通常归为医药工业。,
发酵工程,多选,"多选题：关于“系统生物学”思想在发酵系统优化中的应用，其优化内容包括：
A. 罐温、pH 的优化
B. 氧传递过程的优化与控制
C. 基质流加补料策略的优化
D. 发酵设备外壳的涂漆优化
","ABC
",文本指出系统优化技术的内容包括：罐温与pH优化、氧传递优化、基质流加补料策略优化。,
发酵工程,多选,"多选题：常用的数理统计优化方法（数理方法）有哪些？
A. 正交试验设计
B. 回归试验设计
C. 人工神经网络
D. 遗传算法
","ABCD
",文本在“常用数理方法”部分列出了正交试验设计、回归试验设计、人工神经网络和遗传算法四种。,
蛋白质工程与酶工程,单选,"根据学习材料，酶的催化效率比非酶催化反应速率高多少倍？
A. 10^8 ~ 10^20
B. 10^7 ~ 10^13
C. 10^6 ~ 10^10
D. 与无机催化剂相当
","B
",材料明确指出，酶的催化效率比相应的非酶催化反应速率高 10^7 ~ 10^13 倍。,
蛋白质工程与酶工程,单选,"国际生化与分子生物学联合会（NC-IUBMB）根据什么性质对酶进行分类？
A. 酶的分子量大小
B. 酶的来源（动物、植物、微生物）
C. 酶促反应的性质
D. 酶的最适pH值
","C
",材料中“酶的分类”部分明确写道：“NC-IUBMB 根据酶促反应的性质将酶分为6大类”。,
蛋白质工程与酶工程,单选,"以下哪一项是“裂解酶类（lyases）”催化反应的典型特征？
A. 电子转移
B. 通过加水导致键的断裂
C. 消除反应，产生双键
D. 水解ATP与分子连接偶联
","C
",根据材料中提供的酶分类表，裂解酶类的反应性质是“消除反应，产生双键”。,
蛋白质工程与酶工程,单选,"蛋白质工程诞生的标志性事件是什么？
A. 第一次国际酶工程会议的召开
B. Ulmer 提出蛋白质工程的概念
C. 基因工程技术的成熟
D. 第一个蛋白质晶体结构的解析
","B
",材料在“蛋白质工程”部分指出：“20世纪80年代初，Ulmer提出蛋白质工程的概念，标志着蛋白质工程的诞生”。,
蛋白质工程与酶工程,单选,"以下哪一项**不是**微生物作为酶生产来源的优点？
A. 生长繁殖快，生活周期短
B. 产生的酶通常比活很高
C. 菌株种类繁多，酶品种齐全
D. 所有微生物菌株都对人安全无毒
","D
",材料列举了微生物作为酶生产来源的多个优点，但并未声称“所有”微生物都安全无毒。在构建理想宿主的要求中，“安全”是需要筛选的特性之一，而非固有优点。,
蛋白质工程与酶工程,单选,"构建用于生产酶的基因工程菌时，以下哪项是理想宿主系统应具备的特点？
A. 宿主自身蛋白酶尽可能多，以帮助加工外源蛋白
B. 克隆载体与宿主相容性差，以保证稳定性
C. 菌体不易大规模培养，以保持高浓度
D. 宿主自身蛋白酶尽可能少，不易降解外源酶
","D
",材料在“构建流程”后列出了理想宿主系统的特点，其中包括“宿主自身蛋白酶尽可能少，不易降解外源酶”。,
蛋白质工程与酶工程,单选,"在微生物发酵生产中，通过添加“底物类似物”来诱导酶合成，以下哪个是例子？
A. 添加淀粉来诱导淀粉酶
B. 添加乳糖来诱导β-半乳糖苷酶
C. 添加纤维素二糖来诱导纤维素酶
D. 添加IPTG来诱导β-半乳糖苷酶
","D
",材料中明确指出，异丙基β-D-硫半乳糖苷（IPTG）是β-半乳糖苷酶的诱导物，且IPTG是乳糖的类似物，而非底物本身。,
蛋白质工程与酶工程,单选,"在提高酶产量的措施中，添加非离子型表面活性剂（如吐温）的主要作用被认为是什么？
A. 作为酶的激活剂
B. 改变细胞膜的通透性，使胞内酶泄漏出来
C. 作为微生物的生长因子
D. 螯合有害金属离子
","B
",材料在“添加表面活性剂”部分说明，其作用机理可能在于“改变细胞膜的通透性，使更多的酶从细胞内透过细胞膜泄漏出来”。,
蛋白质工程与酶工程,单选,"根据材料，凝乳酶（Chymosin）在干酪生产中的作用是专一性地切割酪蛋白中的哪个肽键？
A. 任意肽键
B. Phe105-Met106之间的肽键
C. 肽链的末端
D. 材料未提及
","B
",材料在“应用：凝乳酶发酵生产”中有明确描述：“可专一地切割酪蛋白中Phe105-Met106之间的肽键”。,
蛋白质工程与酶工程,单选,"以下哪种培养方式被材料提及为可用于“动物细胞培养生产蛋白质”？
A. 固体发酵
B. 液体深层发酵
C. 微载体培养
D. 固定化原生质发酵
","C
",材料在“动物细胞培养生产蛋白质”部分列举了三种方式：悬浮培养、贴壁培养和微载体培养。,
蛋白质工程与酶工程,单选,"根据酶的命名规则，“乳酸脱氢酶”属于什么命名法？
A. 国际系统命名法
B. 习惯命名法
C. 编码命名法
D. 化学命名法
","B
",材料指出，酶有系统名和习惯名。“乳酸脱氢酶”符合习惯命名法“底物加反应类型”的描述，且是文中给出的例子。,
蛋白质工程与酶工程,单选,"酶工程作为一个完善的技术体系形成的标志是什么？
A. 第一个酶制剂的工业化生产
B. 蛋白质工程概念的提出
C. 第一次国际酶工程会议的召开
D. 基因工程技术的应用
","C
",材料在“酶工程”部分明确写道：“1971年第一次国际酶工程会议的召开，标志了酶工程学科和完善的技术体系的形成”。,
蛋白质工程与酶工程,单选,"在筛选产酶微生物菌株时，对于“胞内酶”的产酶菌株，主要检测方法是什么？
A. 直接检测发酵液上清中的酶活
B. 检测菌落周围底物水解圈的大小
C. 需要破碎细胞后检测细胞提取物中的酶活
D. 材料未提及
","C
",材料在“产酶菌种的筛选”中区分了“胞外酶”和“胞内酶”的检测。胞内酶存在于细胞内，自然需要破碎细胞后才能检测其活性。,
蛋白质工程与酶工程,单选,"以下哪项措施是为了降低“分解代谢产物阻遏”对酶生产的影响？
A. 添加大量易于利用的碳源（如葡萄糖）
B. 采用难于利用的碳源，或分次添加碳源
C. 添加高浓度的代谢末端产物
D. 始终维持单一碳源不变
","B
",材料在“降低阻遏物浓度”部分说明，为避免分解代谢物阻遏，可采用难于利用的碳源，或分次添加碳源。,
蛋白质工程与酶工程,单选,"固定化细胞发酵技术与传统液体深层发酵相比，其优势**不包括**以下哪项？
A. 稳定性高，可反复使用
B. 发酵液中菌体含量少，利于后期纯化
C. 菌体生长和繁殖速度更快
D. 易于实现自动化生产
","C
",材料列举了固定化细胞技术的优势：稳定性高、可反复使用易自动化、发酵液菌体少易纯化。并未提及能加快菌体生长速度。,
蛋白质工程与酶工程,单选,"蛋白质工程的主要目标是什么？
A. 大规模发酵生产天然蛋白质
B. 改造天然蛋白质性能，使其符合需要
C. 仅对蛋白质进行分离和纯化
D. 模拟酶的人工合成
","B
",材料对蛋白质工程的定义是：“利用基因工程技术手段，改造天然蛋白质性能，使其符合社会生产生活的需要”。,
蛋白质工程与酶工程,单选,"从微生物中提取的凝乳酶用于干酪生产时，曾经遇到的主要问题是什么？
A. 产量太低
B. 酶活性不稳定
C. 常引起乳酪苦味
D. 提取过程复杂
","C
",材料在介绍凝乳酶时提到，从微生物中提取的产量大，“但是常引起乳酪苦味”，这是转向基因工程生产的原因之一。,
蛋白质工程与酶工程,单选,"“产酶促进剂”提高酶产量的确切作用机制是什么？
A. 已经研究得非常清楚
B. 全部都是酶的激活剂
C. 全部都是微生物生长因子
D. 作用机制尚未完全阐明
","D
",材料对“产酶促进剂”的定义明确指出，它们是“作用机制尚未阐明的一类物质”。,
蛋白质工程与酶工程,单选,"根据材料，以下哪种物质作为诱导物时，其原理是“让他看到好处”（即反应产物诱导）？
A. 淀粉诱导淀粉酶
B. 乳糖诱导β-半乳糖苷酶
C. 纤维素二糖诱导纤维素酶
D. IPTG诱导β-半乳糖苷酶
","C
",在“添加诱导物”的举例中，“纤维素二糖诱导纤维素酶的产生”后面特别标注了“（让他看到好处）”，表明它是反应产物作为诱导物的例子。,
蛋白质工程与酶工程,单选,"酶作为生物催化剂的特点之一是“反应条件温和”，通常指在哪个温度附近？
A. 100℃
B. 60℃
C. 37℃
D. 4℃
","C
",材料在“酶的主要催化特点”中明确写道：“酶催化反应都在相对温和的条件下进行（37℃）”。,
蛋白质工程与酶工程,判断,"判断题：所有酶的本质都是蛋白质。
","错误
",材料第一段明确指出：“绝大多数酶是蛋白质，也有一些RNA具有催化功能，称为核酶”。因此，并非所有酶都是蛋白质。,
蛋白质工程与酶工程,判断,"判断题：在酶的微生物发酵生产中，为了诱导目标酶的合成，所使用的碳源（底物）必须与酶的最适底物完全相同。
","错误
",材料中提到，诱导物可以是“底物”、“反应产物”或“底物类似物”。例如，IPTG是β-半乳糖苷酶的诱导物，但它并不是其天然底物乳糖。,
蛋白质工程与酶工程,判断,"判断题：一个理想的产酶菌株，除了高产、稳定外，还应保证其不产生有毒物质，并且产生的酶容易分离纯化。
","正确
",材料在“What makes a good strain for enzyme production?”中列出的要求包括：“不产生有毒物质（Safe）”和“产生的酶容易分离纯化（Easy to isolate）”。,
蛋白质工程与酶工程,判断,"判断题：蛋白质工程就是蛋白质的分离纯化工程。
","错误
",蛋白质工程的核心是“改造”或“构建”蛋白质，其基础是分子设计和基因工程技术。分离纯化只是蛋白质生产流程中的一个环节，并非蛋白质工程本身。,
蛋白质工程与酶工程,判断,"判断题：添加非离子型表面活性剂提高酶产量的确切机理，是作为产酶促进剂直接刺激了酶的生物合成。
","错误
",材料明确提到，表面活性剂的作用机理“尚未搞清”，并推测其可能是通过改变细胞膜通透性，打破反馈平衡来提高产量。它并不属于“作用机制尚未阐明”的产酶促进剂范畴（材料将二者分点叙述），且其推测机制也非直接刺激合成。,
蛋白质工程与酶工程,多选,"多选题：以下哪些特性是酶作为生物催化剂的主要特点？（材料中明确列举的）
A. 高效性
B. 专一性
C. 反应条件温和
D. 均为大分子
E. 具有调节能力
F. 不稳定性
","ABCEF
",材料在“酶的主要催化特点”中分点列举了：1.高效性 2.专一性 3.反应条件温和 4.具有调节能力 5.不稳定性。“均为大分子”虽然常见，但并非材料中明确列举的催化特点，且核酶本质是RNA，不一定是“大分子蛋白质”。,
蛋白质工程与酶工程,多选,"多选题：根据学习材料，构建用于生产酶的基因工程菌（细胞）时，其目标主要包括？
A. 增加酶基因拷贝数，提高表达量
B. 改善原有酶的各种性能
C. 将胞外酶转化为胞内酶以利保存
D. 扩充可安全使用的酶源
","ABD
",材料在“构建基因工程菌的目标”中明确列出了三点：1.增加酶基因拷贝数，提高酶表达量；2.改善原有酶的各种性能；3.扩充可安全使用的酶源。并未提及C选项。,
蛋白质工程与酶工程,多选,"多选题：以下哪些方法属于材料中提到的“提高酶产量”的措施？
A. 添加诱导物
B. 降低阻遏物浓度
C. 添加表面活性剂（非离子型）
D. 添加产酶促进剂
","ABCD
",材料在“提高酶产量的措施”下，明确分为了a、b、c、d四点，分别对应A、B、C、D四个选项。,
蛋白质工程与酶工程,多选,"多选题：根据材料中“酶的分类”表格，以下酶类与其实例的匹配哪些是正确的？
A. 氧化还原酶类 — 苹果酸脱氢酶
B. 转移酶类 — 氨基转移酶
C. 水解酶类 — 柠檬酸合酶
D. 合成酶类（连接酶） — 谷氨酰胺合成酶
","ABD
",根据材料中的表格：氧化还原酶实例为苹果酸脱氢酶（A对）；转移酶实例为氨基转移酶（B对）；裂解酶实例为柠檬酸合酶，而水解酶实例是蛋白酶（C错）；合成酶（连接酶）实例为谷氨酰胺合成酶（D对）。,
蛋白质工程与酶工程,多选,"多选题：材料中指出，酶的固定化细胞/原生质体发酵技术具有哪些优势？
A. 稳定性高
B. 可反复使用，易实现自动化生产
C. 发酵液菌体含量少，酶易分离纯化
D. 能显著提高所有酶的生产速率
","ABC
",材料在“固定化细胞和固定化原生质技术”下，明确列出了其三点优势：稳定性高；可反复使用，易实现自动化生产；发酵液种菌体含量少，酶易分离纯化，品质提升。并未提及D选项“能显著提高所有酶的生产速率”。,
蛋白质工程与酶工程,单选,"根据材料，不同用途的酶对分离纯化的要求不同。以下哪种酶需要最高度的纯化，甚至制成晶体并去除热源？
A. 工业用酶（如洗涤剂中的蛋白酶）
B. 食品用酶
C. 医药用酶
D. 饲料用酶
","C
",材料在“Intro”部分明确指出，医药用酶需要高度的分离纯化，制成晶体，去除热源。,
蛋白质工程与酶工程,单选,"在酶分离纯化的一般流程中，对于胞内酶，第一步操作通常是什么？
A. 溶剂抽提
B. 细胞破碎
C. 沉淀分离
D. 浓缩干燥
","B
",材料在“一般流程”中列出：对于胞内蛋白/酶，首先需要进行“细胞破碎（Break）”。,
蛋白质工程与酶工程,单选,"根据材料，以下哪类细胞的破碎难度相对最大（最难破碎）？
A. 动物细胞
B. 革兰氏阴性细菌
C. 革兰氏阳性细菌
D. 植物细胞
","D
",材料在“破碎细胞”部分给出了从难到易的顺序：植物细胞 > 真菌 > 革兰氏阳性细菌 > 革兰氏阴性细菌 > 动物细胞。因此，植物细胞的破碎难度最大。,
蛋白质工程与酶工程,单选,"“高压匀浆法”属于哪种类型的细胞破碎方法？其作用机理是什么？
A. 机械法；固体剪切作用
B. 机械法；液体剪切作用
C. 非机械法；酶分解作用
D. 非机械法；液体剪切作用
","B
",根据材料中“破碎细胞”的分类表格，高压匀浆法属于“机械法”，其作用机理是“液体剪切作用”。,
蛋白质工程与酶工程,单选,"下列细胞破碎方法中，哪一项是通过“反复冻结-融化”的原理来破碎细胞的？
A. 珠磨法
B. 超声破碎法
C. 酶溶法
D. 冻结融化法
","D
",材料中“非机械法”的表格里明确列出了“冻结融化法”，其作用机理是“反复冻结-融化”。,
蛋白质工程与酶工程,单选,"在沉淀分离方法中，利用“不同蛋白质在不同中性盐浓度下溶解度不同”的原理进行分离的方法是？
A. 有机溶剂沉淀法
B. 等电点沉淀法
C. 中性盐沉淀法
D. 选择性沉淀法
","C
",材料在“沉淀分离”部分的第一点就是“中性盐沉淀法”，并说明其原理是不同蛋白质在不同中性盐浓度下溶解度不同。,
蛋白质工程与酶工程,单选,"工业上常用什么设备来完成酶的粗分离，以除去细胞残渣或抽提过程中的沉淀物？
A. 层析柱
B. 超滤装置
C. 板框压滤机
D. 透析袋
","C
",材料在“离心分离”部分末尾提到：“工业上常用板框压滤机来完成酶的粗分离。”,
蛋白质工程与酶工程,单选,"以下哪种膜分离技术最适于生物大分子的分离？
A. 透析
B. 超滤
C. 微滤
D. 纳滤
","B
",材料在“过滤与膜分离”的“超滤”部分明确指出：“最适于生物大分子”。,
蛋白质工程与酶工程,单选,"凝胶过滤层析（分子筛层析）的分离原理是什么？
A. 利用蛋白质等电点不同进行分离
B. 利用蛋白质疏水性不同进行分离
C. 利用蛋白质分子大小不同进行分离
D. 利用蛋白质与配体专一性结合进行分离
","C
",材料在“凝胶过滤层析”部分说明，其原理是利用凝胶的“分子筛作用”，使蛋白质按相对分子量由大到小顺序流出。,
蛋白质工程与酶工程,单选,"下列哪种凝胶材料**不是**材料中提到的常用凝胶色谱填料？
A. 葡聚糖凝胶 (Dextran gel)
B. 琼脂糖凝胶 (Agarose gel)
C. 聚丙烯酰胺凝胶 (Polyacrylamide gel)
D. 硅胶 (Silica gel)
","D
",材料中列出的常用凝胶色谱填料包括葡聚糖凝胶、聚丙烯酰胺凝胶和琼脂糖凝胶。硅胶是另一种层析介质，但并未在“凝胶过滤层析”的填料列表中被提及。,
蛋白质工程与酶工程,单选,"离子交换层析中，洗脱结合在离子交换剂上的蛋白质，通常采用什么方法？
A. 改变洗脱液的pH或盐浓度梯度
B. 增加洗脱液的流速
C. 降低操作温度
D. 更换不同极性的洗脱液
","A
",材料在“离子交换层析”原理中说明：“可以通过改变洗脱液的酸碱度或盐浓度梯度，削弱其结合能力，把结合在离子交换剂上的蛋白质分别洗脱下来”。,
蛋白质工程与酶工程,单选,"利用抗体与抗原（目标蛋白）的特异性结合进行分离纯化的层析技术是？
A. 生物亲和层析
B. 免疫亲和层析
C. 金属离子螯合亲和层析
D. 凝集素亲和层析
","B
",材料在“亲和层析类型”中明确指出，“免疫亲和层析”利用的是“抗体结合”。,
蛋白质工程与酶工程,单选,"疏水层析的原理是基于蛋白质分子的哪种特性？
A. 所带电荷的种类和数量
B. 分子量大小
C. 表面疏水区域的强弱
D. 与特定配体的专一性结合
","C
",材料说明，疏水层析的原理是“蛋白质分子表面大都有或强或弱的疏水区域……利用这个特性使蛋白质分离。”,
蛋白质工程与酶工程,单选,"在层析聚焦技术中，形成pH梯度的目的是什么？
A. 提供不同的盐浓度环境
B. 为蛋白质提供聚焦效应发生的条件
C. 改变蛋白质的疏水性
D. 激活酶的活性
","B
",材料在“层析聚焦”原理中指出：“聚焦效应：蛋白质按其等电点在pH梯度环境中进行排列的过程叫做聚焦效应。pH梯度的形成是聚焦效应的先决条件。”,
蛋白质工程与酶工程,单选,"以下哪种双水相系统主要用于大规模提纯酶？
A. 聚乙二醇/葡聚糖体系
B. 聚乙二醇/硫酸盐或磷酸盐体系
C. 葡聚糖/无机盐体系
D. 两种盐的体系
","B
",材料在“双水相萃取分离”部分明确指出，高聚物/无机盐体系（如PEG/硫酸盐或磷酸盐体系）“主要用来大规模地提纯酶”。,
蛋白质工程与酶工程,单选,"评价酶纯化效果时，“纯化倍数”的计算公式是什么？
A. （每次总活力/第一次总活力）×100%
B. 每次总活力/每次总蛋白
C. 每次比活力/第一次比活力
D. 每次总蛋白/第一次总蛋白
","C
",材料在“酶活力测定及纯化效果的评价”中给出了公式：纯化倍数 = 每次比活力/第一次比活力。,
蛋白质工程与酶工程,单选,"根据材料中葡萄糖氧化酶的纯化示例，经过“羟基磷灰石柱层析”后，纯化倍数达到了多少？
A. 63.5
B. 102.0
C. 286.0
D. 364.0
","C
",查看材料中的表格，步骤6“羟基磷灰石柱层析”对应的纯化倍数为286.0。,
蛋白质工程与酶工程,单选,"从葡萄糖氧化酶的纯化示例看，哪一步纯化操作的得率（收率）最高？
A. 粗抽提液
B. 氯化锰处理
C. DEAE-纤维素层析
D. PAGE
","A
",得率计算公式为（每次总活力/第一次总活力）×100%，因此第一次（粗抽提液）的得率是100%，是最高的，后续步骤均因酶活力损失而降低。,
蛋白质工程与酶工程,单选,"大多数工业酶制剂以哪种形式保存？为什么？
A. 液体酶制剂；因为生产简单，成本低，使用方便
B. 固体酶制剂；因为体积小，容易保存和运输，比较稳定
C. 液体酶制剂；因为稳定性高，不易失活
D. 固体酶制剂；因为使用更方便，无需溶解
","B
",材料在“蛋白质（酶）制剂的保存”部分指出：“固体酶制剂；体积小，容易保存和运输，比较稳定”，并明确“多数工业酶制剂以固体酶制剂保存”。,
蛋白质工程与酶工程,单选,"保存酶活力时，酶的保存温度一般应控制在什么范围？
A. -20℃以下
B. 0~4℃
C. 室温（25℃）
D. 37℃
","B
",材料在“保存酶活力须注意”的第一点就明确指出：“酶的保存温度一般在0~4℃”。,
蛋白质工程与酶工程,判断,"判断题：在酶分离纯化过程中，为了获得更高的纯度，可以不惜一切代价提高纯化倍数，无需考虑得率（收率）。
","错误
",材料指出，纯化效果需通过“得率”和“纯化倍数”两个指标共同衡量。得率反映了酶活力的损失情况，过低的得率意味着目标酶大量损失，即使纯化倍数高，总产量也可能无法满足需求。,
蛋白质工程与酶工程,判断,"判断题：双水相萃取分离系统的一个显著优点是含水量高（70-90%），这有利于在接近生理环境的体系中保持生物活性物质的稳定性。
","正确
",材料在“双水相萃取分离的优点”中明确列出：“含水量高(70-90%)，在接近生理环境的体系中进行萃取，避免生物活性物质失活或变性”。,
蛋白质工程与酶工程,判断,"判断题：层析聚焦技术中，蛋白质必须按照严格的顺序上样，一旦先加入的样品开始流出，就不能再加入新样品，否则会破坏分离效果。
","错误
",材料在“层析聚焦”原理的最后提到：“一种样品分次加入时，只要先加入者尚未流出，并且有一定的聚焦时间，就还可以将样品再加到柱上，其聚焦过程仍能够顺利完成”。这说明在一定条件下可以分次加样。,
蛋白质工程与酶工程,判断,"判断题：蛋白质的“比活力”是指每毫克酶蛋白所含的酶活力单位数，它是反映酶纯度的指标。
","正确
",材料在“比活力”的定义中明确指出：“比活力是指每毫克酶蛋白所含的酶活力单位数”，并且说明它是“反映酶的纯度”的指标。,
蛋白质工程与酶工程,判断,"判断题：所有用于蛋白质和酶提取的溶剂都必须是缓冲溶液。
","错误
",材料在“溶剂抽提”部分说明，抽提通常使用缓冲溶液、稀酸、稀碱或有机溶剂。并指出“蛋白质和酶的提取一般以缓冲溶液为主”，但并不是“必须”或“全部”，其他溶剂如稀酸、稀碱、有机溶剂也可用于特定情况。,
蛋白质工程与酶工程,多选,"多选题：根据材料，在酶分离纯化操作中需要注意哪些事项以避免酶失活？
A. 低温操作
B. 使用缓冲液，避免过酸过碱
C. 选用合适浓度的盐溶液
D. 避免剧烈搅拌产生泡沫
","ABCD
",材料在“注意事项”中明确列出了这四点：1.低温操作；2.使用缓冲液；3.选用合适浓度的盐溶液；4.避免剧烈搅拌产生泡沫。,
蛋白质工程与酶工程,多选,"多选题：以下哪些方法属于材料中分类的“非机械法”细胞破碎技术？
A. 酶溶法
B. 化学渗透法
C. 高压匀浆法
D. 渗透压法
","ABD
",根据材料中的表格，“非机械法”包括：酶溶法、化学渗透法、渗透压法、冻结融化法、干燥法。高压匀浆法属于“机械法”。,
蛋白质工程与酶工程,多选,"多选题：以下关于亲和层析类型的描述，哪些与材料中的内容相符？
A. 生物亲和层析：利用生物分子间的天然亲和力
B. 金属离子螯合亲和层析：利用蛋白质与固定化金属离子的结合
C. 拟生物亲和层析：利用人工合成的配体进行模拟结合
D. 凝集素亲和层析：利用凝集素与糖蛋白的特异性结合
","ABCD
",材料在“亲和层析类型”中对各项均有描述：A对应“生物分子亲和力”；B对应“金属离子螯合”；C对应“人工合成配体”；D对应“凝集素的专一结合能力”。,
蛋白质工程与酶工程,多选,"多选题：双水相萃取分离技术具有哪些优点？（根据材料列举）
A. 可直接从含菌体的发酵液中提取蛋白质
B. 分相时间短，自然分相一般为5-15分钟
C. 界面张力小，利于质量传递
D. 无有机溶剂残留，易于放大和连续操作
","ABCD
",材料在“双水相萃取分离的优点”中明确列出了所有四个选项的内容。,
蛋白质工程与酶工程,多选,"多选题：根据材料，为了在保存过程中维持酶活力，可以采取哪些措施？
A. 将温度控制在0~4℃
B. 选择合适的pH缓冲液
C. 添加硫基或其他还原剂以防止氧化
D. 尽量提高蛋白质的浓度和纯度
","ABCD
",材料在“保存酶活力须注意”部分分点说明了温度、缓冲液(pH)、防止氧化（添加还原剂）以及蛋白质浓度和纯度（高浓度更稳定）的影响。,
